KOLOM;RIJ;ID;X;Y;Z;;ID_RVT;NOTA_RVT
1;1;001-001;4,05;1;-1;;11096791;NLRS_50_ME_UN_ruimtecomponent beo veld_gen_CGA: BEO veld onder kantoor & hotel optie 1
1;2;001-002;4,05;7;-1;;11096783;NLRS_50_ME_UN_ruimtecomponent beo veld_gen_CGA: BEO veld onder kantoor & hotel optie 1
1;3;001-003;4,05;13;-1;;11096775;NLRS_50_ME_UN_ruimtecomponent beo veld_gen_CGA: BEO veld onder kantoor & hotel optie 1
1;4;001-004;4,05;19;-1;;11096767;NLRS_50_ME_UN_ruimtecomponent beo veld_gen_CGA: BEO veld onder kantoor & hotel optie 1
1;5;001-005;4,05;25;-2,5;;11096759;NLRS_50_ME_UN_ruimtecomponent beo veld_gen_CGA: BEO veld onder kantoor & hotel optie 1
1;6;001-006;4,05;31;-2,5;;11096751;NLRS_50_ME_UN_ruimtecomponent beo veld_gen_CGA: BEO veld onder kantoor & hotel optie 1
1;7;001-007;4,05;37;-1;;11096743;NLRS_50_ME_UN_ruimtecomponent beo veld_gen_CGA: BEO veld onder kantoor & hotel optie 1
1;8;001-008;4,05;43;-1;;11096735;NLRS_50_ME_UN_ruimtecomponent beo veld_gen_CGA: BEO veld onder kantoor & hotel optie 1
1;9;001-009;4,05;49;-1;;11096727;NLRS_50_ME_UN_ruimtecomponent beo veld_gen_CGA: BEO veld onder kantoor & hotel optie 1
1;10;001-010;4,05;55;-1;;11096719;NLRS_50_ME_UN_ruimtecomponent beo veld_gen_CGA: BEO veld onder kantoor & hotel optie 1
1;11;001-011;4,05;61;-1;;11096711;NLRS_50_ME_UN_ruimtecomponent beo veld_gen_CGA: BEO veld onder kantoor & hotel optie 1
1;12;001-012;4,05;67;-1;;11096703;NLRS_50_ME_UN_ruimtecomponent beo veld_gen_CGA: BEO veld onder kantoor & hotel optie 1
1;13;001-013;4,05;73;-1;;11096695;NLRS_50_ME_UN_ruimtecomponent beo veld_gen_CGA: BEO veld onder kantoor & hotel optie 1
1;14;001-014;4,05;79;-1;;11096687;NLRS_50_ME_UN_ruimtecomponent beo veld_gen_CGA: BEO veld onder kantoor & hotel optie 1
1;15;001-015;4,05;85;-1;;11096679;NLRS_50_ME_UN_ruimtecomponent beo veld_gen_CGA: BEO veld thv OV terminal niet onder tramsporen optie 1
1;16;001-016;4,05;91;-1;;11096671;NLRS_50_ME_UN_ruimtecomponent beo veld_gen_CGA: BEO veld thv OV terminal niet onder tramsporen optie 1
1;17;001-017;4,05;97;-1;;11096663;NLRS_50_ME_UN_ruimtecomponent beo veld_gen_CGA: BEO veld thv OV terminal onder tramsporen optie 1
1;18;001-018;4,05;103;-1;;11096655;NLRS_50_ME_UN_ruimtecomponent beo veld_gen_CGA: BEO veld thv OV terminal onder tramsporen optie 1
1;19;001-019;4,05;109;-1;;11096647;NLRS_50_ME_UN_ruimtecomponent beo veld_gen_CGA: BEO veld thv OV terminal onder tramsporen optie 1
1;20;001-020;4,05;115;-1;;11096639;NLRS_50_ME_UN_ruimtecomponent beo veld_gen_CGA: BEO veld thv OV terminal onder tramsporen optie 1
1;21;001-021;4,05;121;-1;;11096590;NLRS_50_ME_UN_ruimtecomponent beo veld_gen_CGA: BEO veld thv OV terminal onder tramsporen optie 1
2;1;002-001;12,15;1;-1;;11096823;NLRS_50_ME_UN_ruimtecomponent beo veld_gen_CGA: BEO veld onder kantoor & hotel optie 1
2;2;002-002;12,15;7;-1;;11096822;NLRS_50_ME_UN_ruimtecomponent beo veld_gen_CGA: BEO veld onder kantoor & hotel optie 1
2;3;002-003;12,15;13;-1;;11096821;NLRS_50_ME_UN_ruimtecomponent beo veld_gen_CGA: BEO veld onder kantoor & hotel optie 1
2;4;002-004;12,15;19;-1;;11096820;NLRS_50_ME_UN_ruimtecomponent beo veld_gen_CGA: BEO veld onder kantoor & hotel optie 1
2;5;002-005;12,15;25;-2,5;;11096819;NLRS_50_ME_UN_ruimtecomponent beo veld_gen_CGA: BEO veld onder kantoor & hotel optie 1
2;6;002-006;12,15;31;-2,5;;11096818;NLRS_50_ME_UN_ruimtecomponent beo veld_gen_CGA: BEO veld onder kantoor & hotel optie 1
2;7;002-007;12,15;37;-1;;11096817;NLRS_50_ME_UN_ruimtecomponent beo veld_gen_CGA: BEO veld onder kantoor & hotel optie 1
2;8;002-008;12,15;43;-1;;11096816;NLRS_50_ME_UN_ruimtecomponent beo veld_gen_CGA: BEO veld onder kantoor & hotel optie 1
2;9;002-009;12,15;49;-1;;11096815;NLRS_50_ME_UN_ruimtecomponent beo veld_gen_CGA: BEO veld onder kantoor & hotel optie 1
2;10;002-010;12,15;55;-1;;11096814;NLRS_50_ME_UN_ruimtecomponent beo veld_gen_CGA: BEO veld onder kantoor & hotel optie 1
2;11;002-011;12,15;61;-1;;11096813;NLRS_50_ME_UN_ruimtecomponent beo veld_gen_CGA: BEO veld onder kantoor & hotel optie 1
2;12;002-012;12,15;67;-1;;11096812;NLRS_50_ME_UN_ruimtecomponent beo veld_gen_CGA: BEO veld onder kantoor & hotel optie 1
2;13;002-013;12,15;73;-1;;11096811;NLRS_50_ME_UN_ruimtecomponent beo veld_gen_CGA: BEO veld onder kantoor & hotel optie 1
2;14;002-014;12,15;79;-1;;11096810;NLRS_50_ME_UN_ruimtecomponent beo veld_gen_CGA: BEO veld onder kantoor & hotel optie 1
2;15;002-015;12,15;85;-1;;11096809;NLRS_50_ME_UN_ruimtecomponent beo veld_gen_CGA: BEO veld thv OV terminal niet onder tramsporen optie 1
2;16;002-016;12,15;91;-1;;11096808;NLRS_50_ME_UN_ruimtecomponent beo veld_gen_CGA: BEO veld thv OV terminal niet onder tramsporen optie 1
2;17;002-017;12,15;97;-1;;11096807;NLRS_50_ME_UN_ruimtecomponent beo veld_gen_CGA: BEO veld thv OV terminal onder tramsporen optie 1
2;18;002-018;12,15;103;-1;;11096806;NLRS_50_ME_UN_ruimtecomponent beo veld_gen_CGA: BEO veld thv OV terminal onder tramsporen optie 1
2;19;002-019;12,15;109;-1;;11096805;NLRS_50_ME_UN_ruimtecomponent beo veld_gen_CGA: BEO veld thv OV terminal onder tramsporen optie 1
2;20;002-020;12,15;115;-1;;11096804;NLRS_50_ME_UN_ruimtecomponent beo veld_gen_CGA: BEO veld thv OV terminal onder tramsporen optie 1
2;21;002-021;12,15;121;-1;;11096803;NLRS_50_ME_UN_ruimtecomponent beo veld_gen_CGA: BEO veld thv OV terminal onder tramsporen optie 1
3;1;003-001;20,25;1;-1;;11096849;NLRS_50_ME_UN_ruimtecomponent beo veld_gen_CGA: BEO veld onder kantoor & hotel optie 1
3;2;003-002;20,25;7;-1;;11096848;NLRS_50_ME_UN_ruimtecomponent beo veld_gen_CGA: BEO veld onder kantoor & hotel optie 1
3;3;003-003;20,25;13;-1;;11096847;NLRS_50_ME_UN_ruimtecomponent beo veld_gen_CGA: BEO veld onder kantoor & hotel optie 1
3;4;003-004;20,25;19;-1;;11096846;NLRS_50_ME_UN_ruimtecomponent beo veld_gen_CGA: BEO veld onder kantoor & hotel optie 1
3;5;003-005;20,25;25;-2,5;;11096845;NLRS_50_ME_UN_ruimtecomponent beo veld_gen_CGA: BEO veld onder kantoor & hotel optie 1
3;6;003-006;20,25;31;-2,5;;11096844;NLRS_50_ME_UN_ruimtecomponent beo veld_gen_CGA: BEO veld onder kantoor & hotel optie 1
3;7;003-007;20,25;37;-1;;11096843;NLRS_50_ME_UN_ruimtecomponent beo veld_gen_CGA: BEO veld onder kantoor & hotel optie 1
3;8;003-008;20,25;43;-1;;11096842;NLRS_50_ME_UN_ruimtecomponent beo veld_gen_CGA: BEO veld onder kantoor & hotel optie 1
3;9;003-009;20,25;49;-1;;11096841;NLRS_50_ME_UN_ruimtecomponent beo veld_gen_CGA: BEO veld onder kantoor & hotel optie 1
3;10;003-010;20,25;55;-1;;11096840;NLRS_50_ME_UN_ruimtecomponent beo veld_gen_CGA: BEO veld onder kantoor & hotel optie 1
3;11;003-011;20,25;61;-1;;11096839;NLRS_50_ME_UN_ruimtecomponent beo veld_gen_CGA: BEO veld onder kantoor & hotel optie 1
3;12;003-012;20,25;67;-1;;11096838;NLRS_50_ME_UN_ruimtecomponent beo veld_gen_CGA: BEO veld onder kantoor & hotel optie 1
3;13;003-013;20,25;73;-1;;11096837;NLRS_50_ME_UN_ruimtecomponent beo veld_gen_CGA: BEO veld onder kantoor & hotel optie 1
3;14;003-014;20,25;79;-1;;11096836;NLRS_50_ME_UN_ruimtecomponent beo veld_gen_CGA: BEO veld onder kantoor & hotel optie 1
3;15;003-015;20,25;85;-1;;11096835;NLRS_50_ME_UN_ruimtecomponent beo veld_gen_CGA: BEO veld thv OV terminal niet onder tramsporen optie 1
3;16;003-016;20,25;91;-1;;11096834;NLRS_50_ME_UN_ruimtecomponent beo veld_gen_CGA: BEO veld thv OV terminal niet onder tramsporen optie 1
3;17;003-017;20,25;97;-1;;11096833;NLRS_50_ME_UN_ruimtecomponent beo veld_gen_CGA: BEO veld thv OV terminal onder tramsporen optie 1
3;18;003-018;20,25;103;-1;;11096832;NLRS_50_ME_UN_ruimtecomponent beo veld_gen_CGA: BEO veld thv OV terminal onder tramsporen optie 1
3;19;003-019;20,25;109;-1;;11096831;NLRS_50_ME_UN_ruimtecomponent beo veld_gen_CGA: BEO veld thv OV terminal onder tramsporen optie 1
3;20;003-020;20,25;115;-1;;11096830;NLRS_50_ME_UN_ruimtecomponent beo veld_gen_CGA: BEO veld thv OV terminal onder tramsporen optie 1
3;21;003-021;20,25;121;-1;;11096829;NLRS_50_ME_UN_ruimtecomponent beo veld_gen_CGA: BEO veld thv OV terminal onder tramsporen optie 1
4;1;004-001;28,35;1;-1;;11096875;NLRS_50_ME_UN_ruimtecomponent beo veld_gen_CGA: BEO veld onder kantoor & hotel optie 1
4;2;004-002;28,35;7;-1;;11096874;NLRS_50_ME_UN_ruimtecomponent beo veld_gen_CGA: BEO veld onder kantoor & hotel optie 1
4;3;004-003;28,35;13;-1;;11096873;NLRS_50_ME_UN_ruimtecomponent beo veld_gen_CGA: BEO veld onder kantoor & hotel optie 1
4;6;004-006;28,35;31;-2,5;;11096870;NLRS_50_ME_UN_ruimtecomponent beo veld_gen_CGA: BEO veld onder kantoor & hotel optie 1
4;7;004-007;28,35;37;-1;;11096869;NLRS_50_ME_UN_ruimtecomponent beo veld_gen_CGA: BEO veld onder kantoor & hotel optie 1
4;8;004-008;28,35;43;-1;;11096868;NLRS_50_ME_UN_ruimtecomponent beo veld_gen_CGA: BEO veld onder kantoor & hotel optie 1
4;9;004-009;28,35;49;-1;;11096867;NLRS_50_ME_UN_ruimtecomponent beo veld_gen_CGA: BEO veld onder kantoor & hotel optie 1
4;10;004-010;28,35;55;-1;;11096866;NLRS_50_ME_UN_ruimtecomponent beo veld_gen_CGA: BEO veld onder kantoor & hotel optie 1
4;11;004-011;28,35;61;-1;;11096865;NLRS_50_ME_UN_ruimtecomponent beo veld_gen_CGA: BEO veld onder kantoor & hotel optie 1
4;12;004-012;28,35;67;-1;;11096864;NLRS_50_ME_UN_ruimtecomponent beo veld_gen_CGA: BEO veld onder kantoor & hotel optie 1
4;13;004-013;28,35;73;-1;;11096863;NLRS_50_ME_UN_ruimtecomponent beo veld_gen_CGA: BEO veld onder kantoor & hotel optie 1
4;14;004-014;28,35;79;-1;;11096862;NLRS_50_ME_UN_ruimtecomponent beo veld_gen_CGA: BEO veld onder kantoor & hotel optie 1
4;15;004-015;28,35;85;-1;;11096861;NLRS_50_ME_UN_ruimtecomponent beo veld_gen_CGA: BEO veld thv OV terminal niet onder tramsporen optie 1
4;16;004-016;28,35;91;-1;;11096860;NLRS_50_ME_UN_ruimtecomponent beo veld_gen_CGA: BEO veld thv OV terminal niet onder tramsporen optie 1
4;17;004-017;28,35;97;-1;;11096859;NLRS_50_ME_UN_ruimtecomponent beo veld_gen_CGA: BEO veld thv OV terminal onder tramsporen optie 1
4;18;004-018;28,35;103;-1;;11096858;NLRS_50_ME_UN_ruimtecomponent beo veld_gen_CGA: BEO veld thv OV terminal onder tramsporen optie 1
4;19;004-019;28,35;109;-1;;11096857;NLRS_50_ME_UN_ruimtecomponent beo veld_gen_CGA: BEO veld thv OV terminal onder tramsporen optie 1
4;20;004-020;28,35;115;-1;;11096856;NLRS_50_ME_UN_ruimtecomponent beo veld_gen_CGA: BEO veld thv OV terminal onder tramsporen optie 1
4;21;004-021;28,35;121;-1;;11096855;NLRS_50_ME_UN_ruimtecomponent beo veld_gen_CGA: BEO veld thv OV terminal onder tramsporen optie 1
5;1;005-001;36,45;1;-1;;11096901;NLRS_50_ME_UN_ruimtecomponent beo veld_gen_CGA: BEO veld onder kantoor & hotel optie 1
5;2;005-002;36,45;7;-1;;11096900;NLRS_50_ME_UN_ruimtecomponent beo veld_gen_CGA: BEO veld onder kantoor & hotel optie 1
5;3;005-003;36,45;13;-1;;11096899;NLRS_50_ME_UN_ruimtecomponent beo veld_gen_CGA: BEO veld onder kantoor & hotel optie 1
5;4;005-004;36,45;19;-1;;11096898;NLRS_50_ME_UN_ruimtecomponent beo veld_gen_CGA: BEO veld onder kantoor & hotel optie 1
5;5;005-005;36,45;25;-2,5;;11096897;NLRS_50_ME_UN_ruimtecomponent beo veld_gen_CGA: BEO veld onder kantoor & hotel optie 1
5;6;005-006;36,45;31;-5;;11096896;NLRS_50_ME_UN_ruimtecomponent beo veld_gen_CGA: BEO veld onder kantoor & hotel optie 1
5;7;005-007;36,45;37;-5;;11096895;NLRS_50_ME_UN_ruimtecomponent beo veld_gen_CGA: BEO veld onder kantoor & hotel optie 1
5;8;005-008;36,45;43;-1;;11096894;NLRS_50_ME_UN_ruimtecomponent beo veld_gen_CGA: BEO veld onder kantoor & hotel optie 1
5;9;005-009;36,45;49;-1;;11096893;NLRS_50_ME_UN_ruimtecomponent beo veld_gen_CGA: BEO veld onder kantoor & hotel optie 1
5;10;005-010;36,45;55;-1;;11096892;NLRS_50_ME_UN_ruimtecomponent beo veld_gen_CGA: BEO veld onder kantoor & hotel optie 1
5;11;005-011;36,45;61;-1;;11096891;NLRS_50_ME_UN_ruimtecomponent beo veld_gen_CGA: BEO veld onder kantoor & hotel optie 1
5;12;005-012;36,45;67;-1;;11096890;NLRS_50_ME_UN_ruimtecomponent beo veld_gen_CGA: BEO veld onder kantoor & hotel optie 1
5;13;005-013;36,45;73;-1;;11096889;NLRS_50_ME_UN_ruimtecomponent beo veld_gen_CGA: BEO veld onder kantoor & hotel optie 1
5;14;005-014;36,45;79;-1;;11096888;NLRS_50_ME_UN_ruimtecomponent beo veld_gen_CGA: BEO veld onder kantoor & hotel optie 1
5;15;005-015;36,45;85;-1;;11096887;NLRS_50_ME_UN_ruimtecomponent beo veld_gen_CGA: BEO veld thv OV terminal niet onder tramsporen optie 1
5;16;005-016;36,45;91;-1;;11096886;NLRS_50_ME_UN_ruimtecomponent beo veld_gen_CGA: BEO veld thv OV terminal niet onder tramsporen optie 1
5;17;005-017;36,45;97;-1;;11096885;NLRS_50_ME_UN_ruimtecomponent beo veld_gen_CGA: BEO veld thv OV terminal onder tramsporen optie 1
5;18;005-018;36,45;103;-1;;11096884;NLRS_50_ME_UN_ruimtecomponent beo veld_gen_CGA: BEO veld thv OV terminal onder tramsporen optie 1
5;19;005-019;36,45;109;-1;;11096883;NLRS_50_ME_UN_ruimtecomponent beo veld_gen_CGA: BEO veld thv OV terminal onder tramsporen optie 1
5;20;005-020;36,45;115;-1;;11096882;NLRS_50_ME_UN_ruimtecomponent beo veld_gen_CGA: BEO veld thv OV terminal onder tramsporen optie 1
5;21;005-021;36,45;121;-1;;11096881;NLRS_50_ME_UN_ruimtecomponent beo veld_gen_CGA: BEO veld thv OV terminal onder tramsporen optie 1
6;1;006-001;44,55;1;-1;;11096927;NLRS_50_ME_UN_ruimtecomponent beo veld_gen_CGA: BEO veld onder kantoor & hotel optie 1
6;2;006-002;44,55;7;-1;;11096926;NLRS_50_ME_UN_ruimtecomponent beo veld_gen_CGA: BEO veld onder kantoor & hotel optie 1
6;3;006-003;44,55;13;-1;;11096925;NLRS_50_ME_UN_ruimtecomponent beo veld_gen_CGA: BEO veld onder kantoor & hotel optie 1
6;4;006-004;44,55;19;-1;;11096924;NLRS_50_ME_UN_ruimtecomponent beo veld_gen_CGA: BEO veld onder kantoor & hotel optie 1
6;5;006-005;44,55;25;-2,5;;11096923;NLRS_50_ME_UN_ruimtecomponent beo veld_gen_CGA: BEO veld onder kantoor & hotel optie 1
6;6;006-006;44,55;31;-5;;11096922;NLRS_50_ME_UN_ruimtecomponent beo veld_gen_CGA: BEO veld onder kantoor & hotel optie 1
6;7;006-007;44,55;37;-5;;11096921;NLRS_50_ME_UN_ruimtecomponent beo veld_gen_CGA: BEO veld onder kantoor & hotel optie 1
6;8;006-008;44,55;43;-1;;11096920;NLRS_50_ME_UN_ruimtecomponent beo veld_gen_CGA: BEO veld onder kantoor & hotel optie 1
6;9;006-009;44,55;49;-1;;11096919;NLRS_50_ME_UN_ruimtecomponent beo veld_gen_CGA: BEO veld onder kantoor & hotel optie 1
6;10;006-010;44,55;55;-1;;11096918;NLRS_50_ME_UN_ruimtecomponent beo veld_gen_CGA: BEO veld onder kantoor & hotel optie 1
6;11;006-011;44,55;61;-1;;11096917;NLRS_50_ME_UN_ruimtecomponent beo veld_gen_CGA: BEO veld onder kantoor & hotel optie 1
6;12;006-012;44,55;67;-1;;11096916;NLRS_50_ME_UN_ruimtecomponent beo veld_gen_CGA: BEO veld onder kantoor & hotel optie 1
6;13;006-013;44,55;73;-1;;11096915;NLRS_50_ME_UN_ruimtecomponent beo veld_gen_CGA: BEO veld onder kantoor & hotel optie 1
6;14;006-014;44,55;79;-1;;11096914;NLRS_50_ME_UN_ruimtecomponent beo veld_gen_CGA: BEO veld onder kantoor & hotel optie 1
6;15;006-015;44,55;85;-1;;11096913;NLRS_50_ME_UN_ruimtecomponent beo veld_gen_CGA: BEO veld thv OV terminal niet onder tramsporen optie 1
6;16;006-016;44,55;91;-1;;11096912;NLRS_50_ME_UN_ruimtecomponent beo veld_gen_CGA: BEO veld thv OV terminal niet onder tramsporen optie 1
6;17;006-017;44,55;97;-1;;11096911;NLRS_50_ME_UN_ruimtecomponent beo veld_gen_CGA: BEO veld thv OV terminal onder tramsporen optie 1
6;18;006-018;44,55;103;-1;;11096910;NLRS_50_ME_UN_ruimtecomponent beo veld_gen_CGA: BEO veld thv OV terminal onder tramsporen optie 1
6;19;006-019;44,55;109;-1;;11096909;NLRS_50_ME_UN_ruimtecomponent beo veld_gen_CGA: BEO veld thv OV terminal onder tramsporen optie 1
6;20;006-020;44,55;115;-1;;11096908;NLRS_50_ME_UN_ruimtecomponent beo veld_gen_CGA: BEO veld thv OV terminal onder tramsporen optie 1
6;21;006-021;44,55;121;-1;;11096907;NLRS_50_ME_UN_ruimtecomponent beo veld_gen_CGA: BEO veld thv OV terminal onder tramsporen optie 1
7;1;007-001;52,65;1;-1;;11096953;NLRS_50_ME_UN_ruimtecomponent beo veld_gen_CGA: BEO veld onder kantoor & hotel optie 1
7;2;007-002;52,65;7;-1;;11096952;NLRS_50_ME_UN_ruimtecomponent beo veld_gen_CGA: BEO veld onder kantoor & hotel optie 1
7;3;007-003;52,65;13;-1;;11096951;NLRS_50_ME_UN_ruimtecomponent beo veld_gen_CGA: BEO veld onder kantoor & hotel optie 1
7;4;007-004;52,65;19;-1;;11096950;NLRS_50_ME_UN_ruimtecomponent beo veld_gen_CGA: BEO veld onder kantoor & hotel optie 1
7;5;007-005;52,65;25;-2,5;;11096949;NLRS_50_ME_UN_ruimtecomponent beo veld_gen_CGA: BEO veld onder kantoor & hotel optie 1
7;6;007-006;52,65;31;-5;;11096948;NLRS_50_ME_UN_ruimtecomponent beo veld_gen_CGA: BEO veld onder kantoor & hotel optie 1
7;7;007-007;52,65;37;-5;;11096947;NLRS_50_ME_UN_ruimtecomponent beo veld_gen_CGA: BEO veld onder kantoor & hotel optie 1
7;8;007-008;52,65;43;-1;;11096946;NLRS_50_ME_UN_ruimtecomponent beo veld_gen_CGA: BEO veld onder kantoor & hotel optie 1
7;9;007-009;52,65;49;-1;;11096945;NLRS_50_ME_UN_ruimtecomponent beo veld_gen_CGA: BEO veld onder kantoor & hotel optie 1
7;10;007-010;52,65;55;-1;;11096944;NLRS_50_ME_UN_ruimtecomponent beo veld_gen_CGA: BEO veld onder kantoor & hotel optie 1
7;11;007-011;52,65;61;-1;;11096943;NLRS_50_ME_UN_ruimtecomponent beo veld_gen_CGA: BEO veld onder kantoor & hotel optie 1
7;12;007-012;52,65;67;-1;;11096942;NLRS_50_ME_UN_ruimtecomponent beo veld_gen_CGA: BEO veld onder kantoor & hotel optie 1
7;13;007-013;52,65;73;-1;;11096941;NLRS_50_ME_UN_ruimtecomponent beo veld_gen_CGA: BEO veld onder kantoor & hotel optie 1
7;14;007-014;52,65;79;-1;;11096940;NLRS_50_ME_UN_ruimtecomponent beo veld_gen_CGA: BEO veld onder kantoor & hotel optie 1
7;15;007-015;52,65;85;-1;;11096939;NLRS_50_ME_UN_ruimtecomponent beo veld_gen_CGA: BEO veld thv OV terminal niet onder tramsporen optie 1
7;16;007-016;52,65;91;-1;;11096938;NLRS_50_ME_UN_ruimtecomponent beo veld_gen_CGA: BEO veld thv OV terminal niet onder tramsporen optie 1
7;17;007-017;52,65;97;-1;;11096937;NLRS_50_ME_UN_ruimtecomponent beo veld_gen_CGA: BEO veld thv OV terminal onder tramsporen optie 1
7;18;007-018;52,65;103;-1;;11096936;NLRS_50_ME_UN_ruimtecomponent beo veld_gen_CGA: BEO veld thv OV terminal onder tramsporen optie 1
7;19;007-019;52,65;109;-1;;11096935;NLRS_50_ME_UN_ruimtecomponent beo veld_gen_CGA: BEO veld thv OV terminal onder tramsporen optie 1
7;20;007-020;52,65;115;-1;;11096934;NLRS_50_ME_UN_ruimtecomponent beo veld_gen_CGA: BEO veld thv OV terminal onder tramsporen optie 1
7;21;007-021;52,65;121;-1;;11096933;NLRS_50_ME_UN_ruimtecomponent beo veld_gen_CGA: BEO veld thv OV terminal onder tramsporen optie 1
8;1;008-001;60,75;1;-1;;11096979;NLRS_50_ME_UN_ruimtecomponent beo veld_gen_CGA: BEO veld onder kantoor & hotel optie 1
8;2;008-002;60,75;7;-1;;11096978;NLRS_50_ME_UN_ruimtecomponent beo veld_gen_CGA: BEO veld onder kantoor & hotel optie 1
8;3;008-003;60,75;13;-1;;11096977;NLRS_50_ME_UN_ruimtecomponent beo veld_gen_CGA: BEO veld onder kantoor & hotel optie 1
8;6;008-006;60,75;31;-5;;11096974;NLRS_50_ME_UN_ruimtecomponent beo veld_gen_CGA: BEO veld onder kantoor & hotel optie 1
8;7;008-007;60,75;37;-5;;11096973;NLRS_50_ME_UN_ruimtecomponent beo veld_gen_CGA: BEO veld onder kantoor & hotel optie 1
8;8;008-008;60,75;43;-1;;11096972;NLRS_50_ME_UN_ruimtecomponent beo veld_gen_CGA: BEO veld onder kantoor & hotel optie 1
8;9;008-009;60,75;49;-1;;11096971;NLRS_50_ME_UN_ruimtecomponent beo veld_gen_CGA: BEO veld onder kantoor & hotel optie 1
8;10;008-010;60,75;55;-1;;11096970;NLRS_50_ME_UN_ruimtecomponent beo veld_gen_CGA: BEO veld onder kantoor & hotel optie 1
8;11;008-011;60,75;61;-1;;11096969;NLRS_50_ME_UN_ruimtecomponent beo veld_gen_CGA: BEO veld onder kantoor & hotel optie 1
8;12;008-012;60,75;67;-1;;11096968;NLRS_50_ME_UN_ruimtecomponent beo veld_gen_CGA: BEO veld onder kantoor & hotel optie 1
8;13;008-013;60,75;73;-1;;11096967;NLRS_50_ME_UN_ruimtecomponent beo veld_gen_CGA: BEO veld onder kantoor & hotel optie 1
8;14;008-014;60,75;79;-1;;11096966;NLRS_50_ME_UN_ruimtecomponent beo veld_gen_CGA: BEO veld onder kantoor & hotel optie 1
8;15;008-015;60,75;85;-1;;11096965;NLRS_50_ME_UN_ruimtecomponent beo veld_gen_CGA: BEO veld thv OV terminal niet onder tramsporen optie 1
8;16;008-016;60,75;91;-1;;11096964;NLRS_50_ME_UN_ruimtecomponent beo veld_gen_CGA: BEO veld thv OV terminal niet onder tramsporen optie 1
8;17;008-017;60,75;97;-1;;11096963;NLRS_50_ME_UN_ruimtecomponent beo veld_gen_CGA: BEO veld thv OV terminal onder tramsporen optie 1
8;18;008-018;60,75;103;-1;;11096962;NLRS_50_ME_UN_ruimtecomponent beo veld_gen_CGA: BEO veld thv OV terminal onder tramsporen optie 1
8;19;008-019;60,75;109;-1;;11096961;NLRS_50_ME_UN_ruimtecomponent beo veld_gen_CGA: BEO veld thv OV terminal onder tramsporen optie 1
8;20;008-020;60,75;115;-1;;11096960;NLRS_50_ME_UN_ruimtecomponent beo veld_gen_CGA: BEO veld thv OV terminal onder tramsporen optie 1
8;21;008-021;60,75;121;-1;;11096959;NLRS_50_ME_UN_ruimtecomponent beo veld_gen_CGA: BEO veld thv OV terminal onder tramsporen optie 1
9;1;009-001;68,85;1;-1;;11097005;NLRS_50_ME_UN_ruimtecomponent beo veld_gen_CGA: BEO veld onder kantoor & hotel optie 1
9;2;009-002;68,85;7;-1;;11097004;NLRS_50_ME_UN_ruimtecomponent beo veld_gen_CGA: BEO veld onder kantoor & hotel optie 1
9;3;009-003;68,85;13;-1;;11097003;NLRS_50_ME_UN_ruimtecomponent beo veld_gen_CGA: BEO veld onder kantoor & hotel optie 1
9;4;009-004;68,85;19;-1;;11097002;NLRS_50_ME_UN_ruimtecomponent beo veld_gen_CGA: BEO veld onder kantoor & hotel optie 1
9;5;009-005;68,85;25;-2,5;;11097001;NLRS_50_ME_UN_ruimtecomponent beo veld_gen_CGA: BEO veld onder kantoor & hotel optie 1
9;6;009-006;68,85;31;-5;;11097000;NLRS_50_ME_UN_ruimtecomponent beo veld_gen_CGA: BEO veld onder kantoor & hotel optie 1
9;7;009-007;68,85;37;-5;;11096999;NLRS_50_ME_UN_ruimtecomponent beo veld_gen_CGA: BEO veld onder kantoor & hotel optie 1
9;8;009-008;68,85;43;-1;;11096998;NLRS_50_ME_UN_ruimtecomponent beo veld_gen_CGA: BEO veld onder kantoor & hotel optie 1
9;9;009-009;68,85;49;-1;;11096997;NLRS_50_ME_UN_ruimtecomponent beo veld_gen_CGA: BEO veld onder kantoor & hotel optie 1
9;10;009-010;68,85;55;-1;;11096996;NLRS_50_ME_UN_ruimtecomponent beo veld_gen_CGA: BEO veld onder kantoor & hotel optie 1
9;11;009-011;68,85;61;-1;;11096995;NLRS_50_ME_UN_ruimtecomponent beo veld_gen_CGA: BEO veld onder kantoor & hotel optie 1
9;12;009-012;68,85;67;-1;;11096994;NLRS_50_ME_UN_ruimtecomponent beo veld_gen_CGA: BEO veld onder kantoor & hotel optie 1
9;13;009-013;68,85;73;-1;;11096993;NLRS_50_ME_UN_ruimtecomponent beo veld_gen_CGA: BEO veld onder kantoor & hotel optie 1
9;14;009-014;68,85;79;-1;;11096992;NLRS_50_ME_UN_ruimtecomponent beo veld_gen_CGA: BEO veld onder kantoor & hotel optie 1
9;15;009-015;68,85;85;-1;;11096991;NLRS_50_ME_UN_ruimtecomponent beo veld_gen_CGA: BEO veld thv OV terminal niet onder tramsporen optie 1
9;16;009-016;68,85;91;-1;;11096990;NLRS_50_ME_UN_ruimtecomponent beo veld_gen_CGA: BEO veld thv OV terminal niet onder tramsporen optie 1
9;17;009-017;68,85;97;-1;;11096989;NLRS_50_ME_UN_ruimtecomponent beo veld_gen_CGA: BEO veld thv OV terminal onder tramsporen optie 1
9;18;009-018;68,85;103;-1;;11096988;NLRS_50_ME_UN_ruimtecomponent beo veld_gen_CGA: BEO veld thv OV terminal onder tramsporen optie 1
9;19;009-019;68,85;109;-1;;11096987;NLRS_50_ME_UN_ruimtecomponent beo veld_gen_CGA: BEO veld thv OV terminal onder tramsporen optie 1
9;20;009-020;68,85;115;-1;;11096986;NLRS_50_ME_UN_ruimtecomponent beo veld_gen_CGA: BEO veld thv OV terminal onder tramsporen optie 1
9;21;009-021;68,85;121;-1;;11096985;NLRS_50_ME_UN_ruimtecomponent beo veld_gen_CGA: BEO veld thv OV terminal onder tramsporen optie 1
10;1;010-001;76,95;1;-1;;11097031;NLRS_50_ME_UN_ruimtecomponent beo veld_gen_CGA: BEO veld onder kantoor & hotel optie 1
10;2;010-002;76,95;7;-1;;11097030;NLRS_50_ME_UN_ruimtecomponent beo veld_gen_CGA: BEO veld onder kantoor & hotel optie 1
10;3;010-003;76,95;13;-1;;11097029;NLRS_50_ME_UN_ruimtecomponent beo veld_gen_CGA: BEO veld onder kantoor & hotel optie 1
10;4;010-004;76,95;19;-1;;11097028;NLRS_50_ME_UN_ruimtecomponent beo veld_gen_CGA: BEO veld onder kantoor & hotel optie 1
10;5;010-005;76,95;25;-2,5;;11097027;NLRS_50_ME_UN_ruimtecomponent beo veld_gen_CGA: BEO veld onder kantoor & hotel optie 1
10;6;010-006;76,95;31;-5;;11097026;NLRS_50_ME_UN_ruimtecomponent beo veld_gen_CGA: BEO veld onder kantoor & hotel optie 1
10;7;010-007;76,95;37;-5;;11097025;NLRS_50_ME_UN_ruimtecomponent beo veld_gen_CGA: BEO veld onder kantoor & hotel optie 1
10;8;010-008;76,95;43;-1;;11097024;NLRS_50_ME_UN_ruimtecomponent beo veld_gen_CGA: BEO veld onder kantoor & hotel optie 1
10;9;010-009;76,95;49;-1;;11097023;NLRS_50_ME_UN_ruimtecomponent beo veld_gen_CGA: BEO veld onder kantoor & hotel optie 1
10;10;010-010;76,95;55;-1;;11097022;NLRS_50_ME_UN_ruimtecomponent beo veld_gen_CGA: BEO veld onder kantoor & hotel optie 1
10;11;010-011;76,95;61;-1;;11097021;NLRS_50_ME_UN_ruimtecomponent beo veld_gen_CGA: BEO veld onder kantoor & hotel optie 1
10;12;010-012;76,95;67;-1;;11097020;NLRS_50_ME_UN_ruimtecomponent beo veld_gen_CGA: BEO veld onder kantoor & hotel optie 1
10;13;010-013;76,95;73;-1;;11097019;NLRS_50_ME_UN_ruimtecomponent beo veld_gen_CGA: BEO veld onder kantoor & hotel optie 1
10;14;010-014;76,95;79;-1;;11097018;NLRS_50_ME_UN_ruimtecomponent beo veld_gen_CGA: BEO veld onder kantoor & hotel optie 1
10;15;010-015;76,95;85;-1;;11097017;NLRS_50_ME_UN_ruimtecomponent beo veld_gen_CGA: BEO veld thv OV terminal niet onder tramsporen optie 1
10;16;010-016;76,95;91;-1;;11097016;NLRS_50_ME_UN_ruimtecomponent beo veld_gen_CGA: BEO veld thv OV terminal niet onder tramsporen optie 1
10;17;010-017;76,95;97;-1;;11097015;NLRS_50_ME_UN_ruimtecomponent beo veld_gen_CGA: BEO veld thv OV terminal onder tramsporen optie 1
10;18;010-018;76,95;103;-1;;11097014;NLRS_50_ME_UN_ruimtecomponent beo veld_gen_CGA: BEO veld thv OV terminal onder tramsporen optie 1
10;19;010-019;76,95;109;-1;;11097013;NLRS_50_ME_UN_ruimtecomponent beo veld_gen_CGA: BEO veld thv OV terminal onder tramsporen optie 1
10;20;010-020;76,95;115;-1;;11097012;NLRS_50_ME_UN_ruimtecomponent beo veld_gen_CGA: BEO veld thv OV terminal onder tramsporen optie 1
10;21;010-021;76,95;121;-1;;11097011;NLRS_50_ME_UN_ruimtecomponent beo veld_gen_CGA: BEO veld thv OV terminal onder tramsporen optie 1
11;1;011-001;85,05;1;-1;;11097057;NLRS_50_ME_UN_ruimtecomponent beo veld_gen_CGA: BEO veld onder kantoor & hotel optie 1
11;2;011-002;85,05;7;-1;;11097056;NLRS_50_ME_UN_ruimtecomponent beo veld_gen_CGA: BEO veld onder kantoor & hotel optie 1
11;3;011-003;85,05;13;-1;;11097055;NLRS_50_ME_UN_ruimtecomponent beo veld_gen_CGA: BEO veld onder kantoor & hotel optie 1
11;4;011-004;85,05;19;-1;;11097054;NLRS_50_ME_UN_ruimtecomponent beo veld_gen_CGA: BEO veld onder kantoor & hotel optie 1
11;5;011-005;85,05;25;-2,5;;11097053;NLRS_50_ME_UN_ruimtecomponent beo veld_gen_CGA: BEO veld onder kantoor & hotel optie 1
11;6;011-006;85,05;31;-5;;11097052;NLRS_50_ME_UN_ruimtecomponent beo veld_gen_CGA: BEO veld onder kantoor & hotel optie 1
11;7;011-007;85,05;37;-5;;11097051;NLRS_50_ME_UN_ruimtecomponent beo veld_gen_CGA: BEO veld onder kantoor & hotel optie 1
11;8;011-008;85,05;43;-1;;11097050;NLRS_50_ME_UN_ruimtecomponent beo veld_gen_CGA: BEO veld onder kantoor & hotel optie 1
11;9;011-009;85,05;49;-1;;11097049;NLRS_50_ME_UN_ruimtecomponent beo veld_gen_CGA: BEO veld onder kantoor & hotel optie 1
11;10;011-010;85,05;55;-1;;11097048;NLRS_50_ME_UN_ruimtecomponent beo veld_gen_CGA: BEO veld onder kantoor & hotel optie 1
11;11;011-011;85,05;61;-1;;11097047;NLRS_50_ME_UN_ruimtecomponent beo veld_gen_CGA: BEO veld onder kantoor & hotel optie 1
11;12;011-012;85,05;67;-1;;11097046;NLRS_50_ME_UN_ruimtecomponent beo veld_gen_CGA: BEO veld onder kantoor & hotel optie 1
11;13;011-013;85,05;73;-1;;11097045;NLRS_50_ME_UN_ruimtecomponent beo veld_gen_CGA: BEO veld onder kantoor & hotel optie 1
11;14;011-014;85,05;79;-1;;11097044;NLRS_50_ME_UN_ruimtecomponent beo veld_gen_CGA: BEO veld onder kantoor & hotel optie 1
11;15;011-015;85,05;85;-1;;11097043;NLRS_50_ME_UN_ruimtecomponent beo veld_gen_CGA: BEO veld thv OV terminal niet onder tramsporen optie 1
11;16;011-016;85,05;91;-1;;11097042;NLRS_50_ME_UN_ruimtecomponent beo veld_gen_CGA: BEO veld thv OV terminal niet onder tramsporen optie 1
11;17;011-017;85,05;97;-1;;11097041;NLRS_50_ME_UN_ruimtecomponent beo veld_gen_CGA: BEO veld thv OV terminal onder tramsporen optie 1
11;18;011-018;85,05;103;-1;;11097040;NLRS_50_ME_UN_ruimtecomponent beo veld_gen_CGA: BEO veld thv OV terminal onder tramsporen optie 1
11;19;011-019;85,05;109;-1;;11097039;NLRS_50_ME_UN_ruimtecomponent beo veld_gen_CGA: BEO veld thv OV terminal onder tramsporen optie 1
11;20;011-020;85,05;115;-1;;11097038;NLRS_50_ME_UN_ruimtecomponent beo veld_gen_CGA: BEO veld thv OV terminal onder tramsporen optie 1
11;21;011-021;85,05;121;-1;;11097037;NLRS_50_ME_UN_ruimtecomponent beo veld_gen_CGA: BEO veld thv OV terminal onder tramsporen optie 1
12;1;012-001;93,15;1;-1;;11097083;NLRS_50_ME_UN_ruimtecomponent beo veld_gen_CGA: BEO veld onder kantoor & hotel optie 1
12;2;012-002;93,15;7;-1;;11097082;NLRS_50_ME_UN_ruimtecomponent beo veld_gen_CGA: BEO veld onder kantoor & hotel optie 1
12;3;012-003;93,15;13;-1;;11097081;NLRS_50_ME_UN_ruimtecomponent beo veld_gen_CGA: BEO veld onder kantoor & hotel optie 1
12;4;012-004;93,15;19;-1;;11097080;NLRS_50_ME_UN_ruimtecomponent beo veld_gen_CGA: BEO veld onder kantoor & hotel optie 1
12;5;012-005;93,15;25;-2,5;;11097079;NLRS_50_ME_UN_ruimtecomponent beo veld_gen_CGA: BEO veld onder kantoor & hotel optie 1
12;6;012-006;93,15;31;-5;;11097078;NLRS_50_ME_UN_ruimtecomponent beo veld_gen_CGA: BEO veld onder kantoor & hotel optie 1
12;7;012-007;93,15;37;-5;;11097077;NLRS_50_ME_UN_ruimtecomponent beo veld_gen_CGA: BEO veld onder kantoor & hotel optie 1
12;8;012-008;93,15;43;-1;;11097076;NLRS_50_ME_UN_ruimtecomponent beo veld_gen_CGA: BEO veld onder kantoor & hotel optie 1
12;9;012-009;93,15;49;-1;;11097075;NLRS_50_ME_UN_ruimtecomponent beo veld_gen_CGA: BEO veld onder kantoor & hotel optie 1
12;10;012-010;93,15;55;-1;;11097074;NLRS_50_ME_UN_ruimtecomponent beo veld_gen_CGA: BEO veld onder kantoor & hotel optie 1
12;11;012-011;93,15;61;-1;;11097073;NLRS_50_ME_UN_ruimtecomponent beo veld_gen_CGA: BEO veld onder kantoor & hotel optie 1
12;12;012-012;93,15;67;-1;;11097072;NLRS_50_ME_UN_ruimtecomponent beo veld_gen_CGA: BEO veld onder kantoor & hotel optie 1
12;13;012-013;93,15;73;-1;;11097071;NLRS_50_ME_UN_ruimtecomponent beo veld_gen_CGA: BEO veld onder kantoor & hotel optie 1
12;14;012-014;93,15;79;-1;;11097070;NLRS_50_ME_UN_ruimtecomponent beo veld_gen_CGA: BEO veld onder kantoor & hotel optie 1
12;15;012-015;93,15;85;-1;;11097069;NLRS_50_ME_UN_ruimtecomponent beo veld_gen_CGA: BEO veld thv OV terminal niet onder tramsporen optie 1
12;16;012-016;93,15;91;-1;;11097068;NLRS_50_ME_UN_ruimtecomponent beo veld_gen_CGA: BEO veld thv OV terminal niet onder tramsporen optie 1
12;17;012-017;93,15;97;-1;;11097067;NLRS_50_ME_UN_ruimtecomponent beo veld_gen_CGA: BEO veld thv OV terminal onder tramsporen optie 1
12;18;012-018;93,15;103;-1;;11097066;NLRS_50_ME_UN_ruimtecomponent beo veld_gen_CGA: BEO veld thv OV terminal onder tramsporen optie 1
12;19;012-019;93,15;109;-1;;11097065;NLRS_50_ME_UN_ruimtecomponent beo veld_gen_CGA: BEO veld thv OV terminal onder tramsporen optie 1
12;20;012-020;93,15;115;-1;;11097064;NLRS_50_ME_UN_ruimtecomponent beo veld_gen_CGA: BEO veld thv OV terminal onder tramsporen optie 1
12;21;012-021;93,15;121;-1;;11097063;NLRS_50_ME_UN_ruimtecomponent beo veld_gen_CGA: BEO veld thv OV terminal onder tramsporen optie 1
13;1;013-001;101,25;1;-1;;11097109;NLRS_50_ME_UN_ruimtecomponent beo veld_gen_CGA: BEO veld onder kantoor & hotel optie 1
13;2;013-002;101,25;7;-1;;11097108;NLRS_50_ME_UN_ruimtecomponent beo veld_gen_CGA: BEO veld onder kantoor & hotel optie 1
13;3;013-003;101,25;13;-1;;11097107;NLRS_50_ME_UN_ruimtecomponent beo veld_gen_CGA: BEO veld onder kantoor & hotel optie 1
13;4;013-004;101,25;19;-1;;11097106;NLRS_50_ME_UN_ruimtecomponent beo veld_gen_CGA: BEO veld onder kantoor & hotel optie 1
13;5;013-005;101,25;25;-2,5;;11097105;NLRS_50_ME_UN_ruimtecomponent beo veld_gen_CGA: BEO veld onder kantoor & hotel optie 1
13;6;013-006;101,25;31;-5;;11097104;NLRS_50_ME_UN_ruimtecomponent beo veld_gen_CGA: BEO veld onder kantoor & hotel optie 1
13;7;013-007;101,25;37;-5;;11097103;NLRS_50_ME_UN_ruimtecomponent beo veld_gen_CGA: BEO veld onder kantoor & hotel optie 1
13;8;013-008;101,25;43;-1;;11097102;NLRS_50_ME_UN_ruimtecomponent beo veld_gen_CGA: BEO veld onder kantoor & hotel optie 1
13;9;013-009;101,25;49;-1;;11097101;NLRS_50_ME_UN_ruimtecomponent beo veld_gen_CGA: BEO veld onder kantoor & hotel optie 1
13;10;013-010;101,25;55;-1;;11097100;NLRS_50_ME_UN_ruimtecomponent beo veld_gen_CGA: BEO veld onder kantoor & hotel optie 1
13;11;013-011;101,25;61;-1;;11097099;NLRS_50_ME_UN_ruimtecomponent beo veld_gen_CGA: BEO veld onder kantoor & hotel optie 1
13;12;013-012;101,25;67;-1;;11097098;NLRS_50_ME_UN_ruimtecomponent beo veld_gen_CGA: BEO veld onder kantoor & hotel optie 1
13;13;013-013;101,25;73;-1;;11097097;NLRS_50_ME_UN_ruimtecomponent beo veld_gen_CGA: BEO veld onder kantoor & hotel optie 1
13;14;013-014;101,25;79;-1;;11097096;NLRS_50_ME_UN_ruimtecomponent beo veld_gen_CGA: BEO veld onder kantoor & hotel optie 1
13;15;013-015;101,25;85;-1;;11097095;NLRS_50_ME_UN_ruimtecomponent beo veld_gen_CGA: BEO veld thv OV terminal niet onder tramsporen optie 1
13;16;013-016;101,25;91;-1;;11097094;NLRS_50_ME_UN_ruimtecomponent beo veld_gen_CGA: BEO veld thv OV terminal niet onder tramsporen optie 1
13;17;013-017;101,25;97;-1;;11097093;NLRS_50_ME_UN_ruimtecomponent beo veld_gen_CGA: BEO veld thv OV terminal onder tramsporen optie 1
13;18;013-018;101,25;103;-1;;11097092;NLRS_50_ME_UN_ruimtecomponent beo veld_gen_CGA: BEO veld thv OV terminal onder tramsporen optie 1
13;19;013-019;101,25;109;-1;;11097091;NLRS_50_ME_UN_ruimtecomponent beo veld_gen_CGA: BEO veld thv OV terminal onder tramsporen optie 1
13;20;013-020;101,25;115;-1;;11097090;NLRS_50_ME_UN_ruimtecomponent beo veld_gen_CGA: BEO veld thv OV terminal onder tramsporen optie 1
13;21;013-021;101,25;121;-1;;11097089;NLRS_50_ME_UN_ruimtecomponent beo veld_gen_CGA: BEO veld thv OV terminal onder tramsporen optie 1
14;1;014-001;109,35;1;-1;;11097135;NLRS_50_ME_UN_ruimtecomponent beo veld_gen_CGA: BEO veld onder kantoor & hotel optie 1
14;2;014-002;109,35;7;-1;;11097134;NLRS_50_ME_UN_ruimtecomponent beo veld_gen_CGA: BEO veld onder kantoor & hotel optie 1
14;3;014-003;109,35;13;-1;;11097133;NLRS_50_ME_UN_ruimtecomponent beo veld_gen_CGA: BEO veld onder kantoor & hotel optie 1
14;6;014-006;109,35;31;-5;;11097130;NLRS_50_ME_UN_ruimtecomponent beo veld_gen_CGA: BEO veld onder kantoor & hotel optie 1
14;7;014-007;109,35;37;-5;;11097129;NLRS_50_ME_UN_ruimtecomponent beo veld_gen_CGA: BEO veld onder kantoor & hotel optie 1
14;8;014-008;109,35;43;-1;;11097128;NLRS_50_ME_UN_ruimtecomponent beo veld_gen_CGA: BEO veld onder kantoor & hotel optie 1
14;9;014-009;109,35;49;-1;;11097127;NLRS_50_ME_UN_ruimtecomponent beo veld_gen_CGA: BEO veld onder kantoor & hotel optie 1
14;10;014-010;109,35;55;-1;;11097126;NLRS_50_ME_UN_ruimtecomponent beo veld_gen_CGA: BEO veld onder kantoor & hotel optie 1
14;11;014-011;109,35;61;-1;;11097125;NLRS_50_ME_UN_ruimtecomponent beo veld_gen_CGA: BEO veld onder kantoor & hotel optie 1
14;12;014-012;109,35;67;-1;;11097124;NLRS_50_ME_UN_ruimtecomponent beo veld_gen_CGA: BEO veld onder kantoor & hotel optie 1
14;13;014-013;109,35;73;-1;;11097123;NLRS_50_ME_UN_ruimtecomponent beo veld_gen_CGA: BEO veld onder kantoor & hotel optie 1
14;14;014-014;109,35;79;-1;;11097122;NLRS_50_ME_UN_ruimtecomponent beo veld_gen_CGA: BEO veld onder kantoor & hotel optie 1
14;15;014-015;109,35;85;-1;;11097121;NLRS_50_ME_UN_ruimtecomponent beo veld_gen_CGA: BEO veld thv OV terminal niet onder tramsporen optie 1
14;16;014-016;109,35;91;-1;;11097120;NLRS_50_ME_UN_ruimtecomponent beo veld_gen_CGA: BEO veld thv OV terminal niet onder tramsporen optie 1
14;17;014-017;109,35;97;-1;;11097119;NLRS_50_ME_UN_ruimtecomponent beo veld_gen_CGA: BEO veld thv OV terminal onder tramsporen optie 1
14;18;014-018;109,35;103;-1;;11097118;NLRS_50_ME_UN_ruimtecomponent beo veld_gen_CGA: BEO veld thv OV terminal onder tramsporen optie 1
14;19;014-019;109,35;109;-1;;11097117;NLRS_50_ME_UN_ruimtecomponent beo veld_gen_CGA: BEO veld thv OV terminal onder tramsporen optie 1
14;20;014-020;109,35;115;-1;;11097116;NLRS_50_ME_UN_ruimtecomponent beo veld_gen_CGA: BEO veld thv OV terminal onder tramsporen optie 1
14;21;014-021;109,35;121;-1;;11097115;NLRS_50_ME_UN_ruimtecomponent beo veld_gen_CGA: BEO veld thv OV terminal onder tramsporen optie 1
15;1;015-001;117,45;1;-1;;11097161;NLRS_50_ME_UN_ruimtecomponent beo veld_gen_CGA: BEO veld onder kantoor & hotel optie 1
15;2;015-002;117,45;7;-1;;11097160;NLRS_50_ME_UN_ruimtecomponent beo veld_gen_CGA: BEO veld onder kantoor & hotel optie 1
15;3;015-003;117,45;13;-1;;11097159;NLRS_50_ME_UN_ruimtecomponent beo veld_gen_CGA: BEO veld onder kantoor & hotel optie 1
15;4;015-004;117,45;19;-1;;11097158;NLRS_50_ME_UN_ruimtecomponent beo veld_gen_CGA: BEO veld onder kantoor & hotel optie 1
15;5;015-005;117,45;25;-2,5;;11097157;NLRS_50_ME_UN_ruimtecomponent beo veld_gen_CGA: BEO veld onder kantoor & hotel optie 1
15;6;015-006;117,45;31;-5;;11097156;NLRS_50_ME_UN_ruimtecomponent beo veld_gen_CGA: BEO veld onder kantoor & hotel optie 1
15;7;015-007;117,45;37;-5;;11097155;NLRS_50_ME_UN_ruimtecomponent beo veld_gen_CGA: BEO veld onder kantoor & hotel optie 1
15;8;015-008;117,45;43;-1;;11097154;NLRS_50_ME_UN_ruimtecomponent beo veld_gen_CGA: BEO veld onder kantoor & hotel optie 1
15;9;015-009;117,45;49;-1;;11097153;NLRS_50_ME_UN_ruimtecomponent beo veld_gen_CGA: BEO veld onder kantoor & hotel optie 1
15;10;015-010;117,45;55;-1;;11097152;NLRS_50_ME_UN_ruimtecomponent beo veld_gen_CGA: BEO veld onder kantoor & hotel optie 1
15;11;015-011;117,45;61;-1;;11097151;NLRS_50_ME_UN_ruimtecomponent beo veld_gen_CGA: BEO veld onder kantoor & hotel optie 1
15;12;015-012;117,45;67;-1;;11097150;NLRS_50_ME_UN_ruimtecomponent beo veld_gen_CGA: BEO veld onder kantoor & hotel optie 1
15;13;015-013;117,45;73;-1;;11097149;NLRS_50_ME_UN_ruimtecomponent beo veld_gen_CGA: BEO veld onder kantoor & hotel optie 1
15;14;015-014;117,45;79;-1;;11097148;NLRS_50_ME_UN_ruimtecomponent beo veld_gen_CGA: BEO veld onder kantoor & hotel optie 1
15;15;015-015;117,45;85;-1;;11097147;NLRS_50_ME_UN_ruimtecomponent beo veld_gen_CGA: BEO veld thv OV terminal niet onder tramsporen optie 1
15;16;015-016;117,45;91;-1;;11097146;NLRS_50_ME_UN_ruimtecomponent beo veld_gen_CGA: BEO veld thv OV terminal niet onder tramsporen optie 1
15;17;015-017;117,45;97;-1;;11097145;NLRS_50_ME_UN_ruimtecomponent beo veld_gen_CGA: BEO veld thv OV terminal onder tramsporen optie 1
15;18;015-018;117,45;103;-1;;11097144;NLRS_50_ME_UN_ruimtecomponent beo veld_gen_CGA: BEO veld thv OV terminal onder tramsporen optie 1
15;19;015-019;117,45;109;-1;;11097143;NLRS_50_ME_UN_ruimtecomponent beo veld_gen_CGA: BEO veld thv OV terminal onder tramsporen optie 1
15;20;015-020;117,45;115;-1;;11097142;NLRS_50_ME_UN_ruimtecomponent beo veld_gen_CGA: BEO veld thv OV terminal onder tramsporen optie 1
15;21;015-021;117,45;121;-1;;11097141;NLRS_50_ME_UN_ruimtecomponent beo veld_gen_CGA: BEO veld thv OV terminal onder tramsporen optie 1
16;1;016-001;125,55;1;-1;;11097187;NLRS_50_ME_UN_ruimtecomponent beo veld_gen_CGA: BEO veld onder kantoor & hotel optie 1
16;2;016-002;125,55;7;-1;;11097186;NLRS_50_ME_UN_ruimtecomponent beo veld_gen_CGA: BEO veld onder kantoor & hotel optie 1
16;3;016-003;125,55;13;-1;;11097185;NLRS_50_ME_UN_ruimtecomponent beo veld_gen_CGA: BEO veld onder kantoor & hotel optie 1
16;6;016-006;125,55;31;-5;;11097182;NLRS_50_ME_UN_ruimtecomponent beo veld_gen_CGA: BEO veld onder kantoor & hotel optie 1
16;7;016-007;125,55;37;-5;;11097181;NLRS_50_ME_UN_ruimtecomponent beo veld_gen_CGA: BEO veld onder kantoor & hotel optie 1
16;8;016-008;125,55;43;-1;;11097180;NLRS_50_ME_UN_ruimtecomponent beo veld_gen_CGA: BEO veld onder kantoor & hotel optie 1
16;9;016-009;125,55;49;-1;;11097179;NLRS_50_ME_UN_ruimtecomponent beo veld_gen_CGA: BEO veld onder kantoor & hotel optie 1
16;10;016-010;125,55;55;-1;;11097178;NLRS_50_ME_UN_ruimtecomponent beo veld_gen_CGA: BEO veld onder kantoor & hotel optie 1
16;11;016-011;125,55;61;-1;;11097177;NLRS_50_ME_UN_ruimtecomponent beo veld_gen_CGA: BEO veld onder kantoor & hotel optie 1
16;12;016-012;125,55;67;-1;;11097176;NLRS_50_ME_UN_ruimtecomponent beo veld_gen_CGA: BEO veld onder kantoor & hotel optie 1
16;13;016-013;125,55;73;-1;;11097175;NLRS_50_ME_UN_ruimtecomponent beo veld_gen_CGA: BEO veld onder kantoor & hotel optie 1
16;14;016-014;125,55;79;-1;;11097174;NLRS_50_ME_UN_ruimtecomponent beo veld_gen_CGA: BEO veld onder kantoor & hotel optie 1
16;15;016-015;125,55;85;-1;;11097173;NLRS_50_ME_UN_ruimtecomponent beo veld_gen_CGA: BEO veld thv OV terminal niet onder tramsporen optie 1
16;16;016-016;125,55;91;-1;;11097172;NLRS_50_ME_UN_ruimtecomponent beo veld_gen_CGA: BEO veld thv OV terminal niet onder tramsporen optie 1
16;17;016-017;125,55;97;-1;;11097171;NLRS_50_ME_UN_ruimtecomponent beo veld_gen_CGA: BEO veld thv OV terminal onder tramsporen optie 1
16;18;016-018;125,55;103;-1;;11097170;NLRS_50_ME_UN_ruimtecomponent beo veld_gen_CGA: BEO veld thv OV terminal onder tramsporen optie 1
16;19;016-019;125,55;109;-1;;11097169;NLRS_50_ME_UN_ruimtecomponent beo veld_gen_CGA: BEO veld thv OV terminal onder tramsporen optie 1
16;20;016-020;125,55;115;-1;;11097168;NLRS_50_ME_UN_ruimtecomponent beo veld_gen_CGA: BEO veld thv OV terminal onder tramsporen optie 1
16;21;016-021;125,55;121;-1;;11097167;NLRS_50_ME_UN_ruimtecomponent beo veld_gen_CGA: BEO veld thv OV terminal onder tramsporen optie 1
17;1;017-001;133,65;1;-1;;11097213;NLRS_50_ME_UN_ruimtecomponent beo veld_gen_CGA: BEO veld onder kantoor & hotel optie 1
17;2;017-002;133,65;7;-1;;11097212;NLRS_50_ME_UN_ruimtecomponent beo veld_gen_CGA: BEO veld onder kantoor & hotel optie 1
17;3;017-003;133,65;13;-1;;11097211;NLRS_50_ME_UN_ruimtecomponent beo veld_gen_CGA: BEO veld onder kantoor & hotel optie 1
17;4;017-004;133,65;19;-1;;11097210;NLRS_50_ME_UN_ruimtecomponent beo veld_gen_CGA: BEO veld onder kantoor & hotel optie 1
17;5;017-005;133,65;25;-2,5;;11097209;NLRS_50_ME_UN_ruimtecomponent beo veld_gen_CGA: BEO veld onder kantoor & hotel optie 1
17;6;017-006;133,65;31;-2,5;;11097208;NLRS_50_ME_UN_ruimtecomponent beo veld_gen_CGA: BEO veld onder kantoor & hotel optie 1
17;7;017-007;133,65;37;-1;;11097207;NLRS_50_ME_UN_ruimtecomponent beo veld_gen_CGA: BEO veld onder kantoor & hotel optie 1
17;8;017-008;133,65;43;-1;;11097206;NLRS_50_ME_UN_ruimtecomponent beo veld_gen_CGA: BEO veld onder kantoor & hotel optie 1
17;9;017-009;133,65;49;-1;;11097205;NLRS_50_ME_UN_ruimtecomponent beo veld_gen_CGA: BEO veld onder kantoor & hotel optie 1
17;10;017-010;133,65;55;-1;;11097204;NLRS_50_ME_UN_ruimtecomponent beo veld_gen_CGA: BEO veld onder kantoor & hotel optie 1
17;11;017-011;133,65;61;-1;;11097203;NLRS_50_ME_UN_ruimtecomponent beo veld_gen_CGA: BEO veld onder kantoor & hotel optie 1
17;12;017-012;133,65;67;-1;;11097202;NLRS_50_ME_UN_ruimtecomponent beo veld_gen_CGA: BEO veld onder kantoor & hotel optie 1
17;13;017-013;133,65;73;-1;;11097201;NLRS_50_ME_UN_ruimtecomponent beo veld_gen_CGA: BEO veld onder kantoor & hotel optie 1
17;14;017-014;133,65;79;-1;;11097200;NLRS_50_ME_UN_ruimtecomponent beo veld_gen_CGA: BEO veld onder kantoor & hotel optie 1
17;15;017-015;133,65;85;-1;;11097199;NLRS_50_ME_UN_ruimtecomponent beo veld_gen_CGA: BEO veld thv OV terminal niet onder tramsporen optie 1
17;16;017-016;133,65;91;-7;;11097198;NLRS_50_ME_UN_ruimtecomponent beo veld_gen_CGA: BEO veld thv OV terminal niet onder tramsporen optie 1
17;17;017-017;133,65;97;-7;;11097197;NLRS_50_ME_UN_ruimtecomponent beo veld_gen_CGA: BEO veld thv OV terminal niet onder tramsporen optie 1
17;18;017-018;133,65;103;-7;;11097196;NLRS_50_ME_UN_ruimtecomponent beo veld_gen_CGA: BEO veld thv OV terminal niet onder tramsporen optie 1
17;19;017-019;133,65;109;-7;;11097195;NLRS_50_ME_UN_ruimtecomponent beo veld_gen_CGA: BEO veld thv OV terminal niet onder tramsporen optie 1
17;20;017-020;133,65;115;-7;;11097194;NLRS_50_ME_UN_ruimtecomponent beo veld_gen_CGA: BEO veld thv OV terminal niet onder tramsporen optie 1
17;21;017-021;133,65;121;-7;;11097193;NLRS_50_ME_UN_ruimtecomponent beo veld_gen_CGA: BEO veld thv OV terminal niet onder tramsporen optie 1
18;1;018-001;141,75;1;-1;;11097239;NLRS_50_ME_UN_ruimtecomponent beo veld_gen_CGA: BEO veld onder kantoor & hotel optie 1
18;2;018-002;141,75;7;-1;;11097238;NLRS_50_ME_UN_ruimtecomponent beo veld_gen_CGA: BEO veld onder kantoor & hotel optie 1
18;3;018-003;141,75;13;-1;;11097237;NLRS_50_ME_UN_ruimtecomponent beo veld_gen_CGA: BEO veld onder kantoor & hotel optie 1
18;4;018-004;141,75;19;-1;;11097236;NLRS_50_ME_UN_ruimtecomponent beo veld_gen_CGA: BEO veld onder kantoor & hotel optie 1
18;5;018-005;141,75;25;-2,5;;11097235;NLRS_50_ME_UN_ruimtecomponent beo veld_gen_CGA: BEO veld onder kantoor & hotel optie 1
18;6;018-006;141,75;31;-2,5;;11097234;NLRS_50_ME_UN_ruimtecomponent beo veld_gen_CGA: BEO veld onder kantoor & hotel optie 1
18;7;018-007;141,75;37;-1;;11097233;NLRS_50_ME_UN_ruimtecomponent beo veld_gen_CGA: BEO veld onder kantoor & hotel optie 1
18;8;018-008;141,75;43;-1;;11097232;NLRS_50_ME_UN_ruimtecomponent beo veld_gen_CGA: BEO veld onder kantoor & hotel optie 1
18;9;018-009;141,75;49;-1;;11097231;NLRS_50_ME_UN_ruimtecomponent beo veld_gen_CGA: BEO veld onder kantoor & hotel optie 1
18;10;018-010;141,75;55;-1;;11097230;NLRS_50_ME_UN_ruimtecomponent beo veld_gen_CGA: BEO veld onder kantoor & hotel optie 1
18;11;018-011;141,75;61;-1;;11097229;NLRS_50_ME_UN_ruimtecomponent beo veld_gen_CGA: BEO veld onder kantoor & hotel optie 1
18;12;018-012;141,75;67;-1;;11097228;NLRS_50_ME_UN_ruimtecomponent beo veld_gen_CGA: BEO veld onder kantoor & hotel optie 1
18;13;018-013;141,75;73;-1;;11097227;NLRS_50_ME_UN_ruimtecomponent beo veld_gen_CGA: BEO veld onder kantoor & hotel optie 1
18;14;018-014;141,75;79;-1;;11097226;NLRS_50_ME_UN_ruimtecomponent beo veld_gen_CGA: BEO veld onder kantoor & hotel optie 1
18;15;018-015;141,75;85;-1;;11097225;NLRS_50_ME_UN_ruimtecomponent beo veld_gen_CGA: BEO veld thv OV terminal niet onder tramsporen optie 1
18;16;018-016;141,75;91;-7;;11097224;NLRS_50_ME_UN_ruimtecomponent beo veld_gen_CGA: BEO veld thv OV terminal niet onder tramsporen optie 1
18;17;018-017;141,75;97;-7;;11097223;NLRS_50_ME_UN_ruimtecomponent beo veld_gen_CGA: BEO veld thv OV terminal niet onder tramsporen optie 1
18;18;018-018;141,75;103;-7;;11097222;NLRS_50_ME_UN_ruimtecomponent beo veld_gen_CGA: BEO veld thv OV terminal niet onder tramsporen optie 1
18;19;018-019;141,75;109;-7;;11097221;NLRS_50_ME_UN_ruimtecomponent beo veld_gen_CGA: BEO veld thv OV terminal niet onder tramsporen optie 1
18;20;018-020;141,75;115;-7;;11097220;NLRS_50_ME_UN_ruimtecomponent beo veld_gen_CGA: BEO veld thv OV terminal niet onder tramsporen optie 1
18;21;018-021;141,75;121;-7;;11097219;NLRS_50_ME_UN_ruimtecomponent beo veld_gen_CGA: BEO veld thv OV terminal niet onder tramsporen optie 1
19;1;019-001;149,85;1;-1;;11097265;NLRS_50_ME_UN_ruimtecomponent beo veld_gen_CGA: BEO veld onder kantoor & hotel optie 1
19;2;019-002;149,85;7;-1;;11097264;NLRS_50_ME_UN_ruimtecomponent beo veld_gen_CGA: BEO veld onder kantoor & hotel optie 1
19;3;019-003;149,85;13;-1;;11097263;NLRS_50_ME_UN_ruimtecomponent beo veld_gen_CGA: BEO veld onder kantoor & hotel optie 1
19;4;019-004;149,85;19;-1;;11097262;NLRS_50_ME_UN_ruimtecomponent beo veld_gen_CGA: BEO veld onder kantoor & hotel optie 1
19;5;019-005;149,85;25;-2,5;;11097261;NLRS_50_ME_UN_ruimtecomponent beo veld_gen_CGA: BEO veld onder kantoor & hotel optie 1
19;6;019-006;149,85;31;-2,5;;11097260;NLRS_50_ME_UN_ruimtecomponent beo veld_gen_CGA: BEO veld onder kantoor & hotel optie 1
19;7;019-007;149,85;37;-1;;11097259;NLRS_50_ME_UN_ruimtecomponent beo veld_gen_CGA: BEO veld onder kantoor & hotel optie 1
19;8;019-008;149,85;43;-1;;11097258;NLRS_50_ME_UN_ruimtecomponent beo veld_gen_CGA: BEO veld onder kantoor & hotel optie 1
19;9;019-009;149,85;49;-1;;11097257;NLRS_50_ME_UN_ruimtecomponent beo veld_gen_CGA: BEO veld onder kantoor & hotel optie 1
19;10;019-010;149,85;55;-1;;11097256;NLRS_50_ME_UN_ruimtecomponent beo veld_gen_CGA: BEO veld onder kantoor & hotel optie 1
19;11;019-011;149,85;61;-1;;11097255;NLRS_50_ME_UN_ruimtecomponent beo veld_gen_CGA: BEO veld onder kantoor & hotel optie 1
19;12;019-012;149,85;67;-1;;11097254;NLRS_50_ME_UN_ruimtecomponent beo veld_gen_CGA: BEO veld onder kantoor & hotel optie 1
19;13;019-013;149,85;73;-1;;11097253;NLRS_50_ME_UN_ruimtecomponent beo veld_gen_CGA: BEO veld onder kantoor & hotel optie 1
19;14;019-014;149,85;79;-1;;11097252;NLRS_50_ME_UN_ruimtecomponent beo veld_gen_CGA: BEO veld onder kantoor & hotel optie 1
19;15;019-015;149,85;85;-1;;11097251;NLRS_50_ME_UN_ruimtecomponent beo veld_gen_CGA: BEO veld thv OV terminal niet onder tramsporen optie 1
19;16;019-016;149,85;91;-7;;11097250;NLRS_50_ME_UN_ruimtecomponent beo veld_gen_CGA: BEO veld thv OV terminal niet onder tramsporen optie 1
19;17;019-017;149,85;97;-7;;11097249;NLRS_50_ME_UN_ruimtecomponent beo veld_gen_CGA: BEO veld thv OV terminal niet onder tramsporen optie 1
19;18;019-018;149,85;103;-7;;11097248;NLRS_50_ME_UN_ruimtecomponent beo veld_gen_CGA: BEO veld thv OV terminal niet onder tramsporen optie 1
19;19;019-019;149,85;109;-7;;11097247;NLRS_50_ME_UN_ruimtecomponent beo veld_gen_CGA: BEO veld thv OV terminal niet onder tramsporen optie 1
19;20;019-020;149,85;115;-7;;11097246;NLRS_50_ME_UN_ruimtecomponent beo veld_gen_CGA: BEO veld thv OV terminal niet onder tramsporen optie 1
19;21;019-021;149,85;121;-7;;11097245;NLRS_50_ME_UN_ruimtecomponent beo veld_gen_CGA: BEO veld thv OV terminal niet onder tramsporen optie 1
20;1;020-001;157,95;1;-1;;11097291;NLRS_50_ME_UN_ruimtecomponent beo veld_gen_CGA: BEO veld onder kantoor & hotel optie 1
20;2;020-002;157,95;7;-1;;11097290;NLRS_50_ME_UN_ruimtecomponent beo veld_gen_CGA: BEO veld onder kantoor & hotel optie 1
20;3;020-003;157,95;13;-1;;11097289;NLRS_50_ME_UN_ruimtecomponent beo veld_gen_CGA: BEO veld onder kantoor & hotel optie 1
20;4;020-004;157,95;19;-1;;11097288;NLRS_50_ME_UN_ruimtecomponent beo veld_gen_CGA: BEO veld onder kantoor & hotel optie 1
20;5;020-005;157,95;25;-2,5;;11097287;NLRS_50_ME_UN_ruimtecomponent beo veld_gen_CGA: BEO veld onder kantoor & hotel optie 1
20;6;020-006;157,95;31;-2,5;;11097286;NLRS_50_ME_UN_ruimtecomponent beo veld_gen_CGA: BEO veld onder kantoor & hotel optie 1
20;7;020-007;157,95;37;-1;;11097285;NLRS_50_ME_UN_ruimtecomponent beo veld_gen_CGA: BEO veld onder kantoor & hotel optie 1
20;8;020-008;157,95;43;-1;;11097284;NLRS_50_ME_UN_ruimtecomponent beo veld_gen_CGA: BEO veld onder kantoor & hotel optie 1
20;9;020-009;157,95;49;-1;;11097283;NLRS_50_ME_UN_ruimtecomponent beo veld_gen_CGA: BEO veld onder kantoor & hotel optie 1
20;10;020-010;157,95;55;-1;;11097282;NLRS_50_ME_UN_ruimtecomponent beo veld_gen_CGA: BEO veld onder kantoor & hotel optie 1
20;11;020-011;157,95;61;-1;;11097281;NLRS_50_ME_UN_ruimtecomponent beo veld_gen_CGA: BEO veld onder kantoor & hotel optie 1
20;12;020-012;157,95;67;-1;;11097280;NLRS_50_ME_UN_ruimtecomponent beo veld_gen_CGA: BEO veld onder kantoor & hotel optie 1
20;13;020-013;157,95;73;-1;;11097279;NLRS_50_ME_UN_ruimtecomponent beo veld_gen_CGA: BEO veld onder kantoor & hotel optie 1
20;14;020-014;157,95;79;-1;;11097278;NLRS_50_ME_UN_ruimtecomponent beo veld_gen_CGA: BEO veld onder kantoor & hotel optie 1
20;15;020-015;157,95;85;-1;;11097277;NLRS_50_ME_UN_ruimtecomponent beo veld_gen_CGA: BEO veld thv OV terminal niet onder tramsporen optie 1
20;16;020-016;157,95;91;-7;;11097276;NLRS_50_ME_UN_ruimtecomponent beo veld_gen_CGA: BEO veld thv OV terminal niet onder tramsporen optie 1
20;17;020-017;157,95;97;-7;;11097275;NLRS_50_ME_UN_ruimtecomponent beo veld_gen_CGA: BEO veld thv OV terminal niet onder tramsporen optie 1
20;18;020-018;157,95;103;-7;;11097274;NLRS_50_ME_UN_ruimtecomponent beo veld_gen_CGA: BEO veld thv OV terminal niet onder tramsporen optie 1
20;19;020-019;157,95;109;-7;;11097273;NLRS_50_ME_UN_ruimtecomponent beo veld_gen_CGA: BEO veld thv OV terminal niet onder tramsporen optie 1
20;20;020-020;157,95;115;-7;;11097272;NLRS_50_ME_UN_ruimtecomponent beo veld_gen_CGA: BEO veld thv OV terminal niet onder tramsporen optie 1
20;21;020-021;157,95;121;-7;;11097271;NLRS_50_ME_UN_ruimtecomponent beo veld_gen_CGA: BEO veld thv OV terminal niet onder tramsporen optie 1
21;1;021-001;166,05;1;-1;;11097317;NLRS_50_ME_UN_ruimtecomponent beo veld_gen_CGA: BEO veld onder kantoor & hotel optie 1
21;2;021-002;166,05;7;-1;;11097316;NLRS_50_ME_UN_ruimtecomponent beo veld_gen_CGA: BEO veld onder kantoor & hotel optie 1
21;3;021-003;166,05;13;-1;;11097315;NLRS_50_ME_UN_ruimtecomponent beo veld_gen_CGA: BEO veld onder kantoor & hotel optie 1
21;4;021-004;166,05;19;-1;;11097314;NLRS_50_ME_UN_ruimtecomponent beo veld_gen_CGA: BEO veld onder kantoor & hotel optie 1
21;5;021-005;166,05;25;-2,5;;11097313;NLRS_50_ME_UN_ruimtecomponent beo veld_gen_CGA: BEO veld onder kantoor & hotel optie 1
21;6;021-006;166,05;31;-2,5;;11097312;NLRS_50_ME_UN_ruimtecomponent beo veld_gen_CGA: BEO veld onder kantoor & hotel optie 1
21;7;021-007;166,05;37;-1;;11097311;NLRS_50_ME_UN_ruimtecomponent beo veld_gen_CGA: BEO veld onder kantoor & hotel optie 1
21;8;021-008;166,05;43;-1;;11097310;NLRS_50_ME_UN_ruimtecomponent beo veld_gen_CGA: BEO veld onder kantoor & hotel optie 1
21;9;021-009;166,05;49;-1;;11097309;NLRS_50_ME_UN_ruimtecomponent beo veld_gen_CGA: BEO veld onder kantoor & hotel optie 1
21;10;021-010;166,05;55;-1;;11097308;NLRS_50_ME_UN_ruimtecomponent beo veld_gen_CGA: BEO veld onder kantoor & hotel optie 1
21;11;021-011;166,05;61;-1;;11097307;NLRS_50_ME_UN_ruimtecomponent beo veld_gen_CGA: BEO veld onder kantoor & hotel optie 1
21;12;021-012;166,05;67;-1;;11097306;NLRS_50_ME_UN_ruimtecomponent beo veld_gen_CGA: BEO veld onder kantoor & hotel optie 1
21;13;021-013;166,05;73;-1;;11097305;NLRS_50_ME_UN_ruimtecomponent beo veld_gen_CGA: BEO veld onder kantoor & hotel optie 1
21;14;021-014;166,05;79;-1;;11097304;NLRS_50_ME_UN_ruimtecomponent beo veld_gen_CGA: BEO veld onder kantoor & hotel optie 1
21;15;021-015;166,05;85;-1;;11097303;NLRS_50_ME_UN_ruimtecomponent beo veld_gen_CGA: BEO veld thv OV terminal niet onder tramsporen optie 1
21;16;021-016;166,05;91;-7;;11097302;NLRS_50_ME_UN_ruimtecomponent beo veld_gen_CGA: BEO veld thv OV terminal niet onder tramsporen optie 1
21;17;021-017;166,05;97;-7;;11097301;NLRS_50_ME_UN_ruimtecomponent beo veld_gen_CGA: BEO veld thv OV terminal niet onder tramsporen optie 1
21;18;021-018;166,05;103;-7;;11097300;NLRS_50_ME_UN_ruimtecomponent beo veld_gen_CGA: BEO veld thv OV terminal niet onder tramsporen optie 1
21;19;021-019;166,05;109;-7;;11097299;NLRS_50_ME_UN_ruimtecomponent beo veld_gen_CGA: BEO veld thv OV terminal niet onder tramsporen optie 1
21;20;021-020;166,05;115;-7;;11097298;NLRS_50_ME_UN_ruimtecomponent beo veld_gen_CGA: BEO veld thv OV terminal niet onder tramsporen optie 1
21;21;021-021;166,05;121;-7;;11097297;NLRS_50_ME_UN_ruimtecomponent beo veld_gen_CGA: BEO veld thv OV terminal niet onder tramsporen optie 1
